ch1,ch2,frequency
2.6465343595284793e-06,2.630759890734958e-06,94502.95086329151
2.3063654943508462e-07,2.4136531596010035e-07,107218.60841537484
2.3152141450272858e-07,2.3397999248048477e-07,119934.26596745818
2.1018411202652262e-07,2.174956966618065e-07,132649.9235195415
2.2476644556356952e-07,2.3064102311807188e-07,145365.58107162485
2.2146919380123673e-07,2.2708813255127533e-07,158081.23862370817
2.3493259023375886e-07,2.3659266560978215e-07,170796.8961757915
2.2263285886183063e-07,2.3278445753089608e-07,183512.55372787485
2.3641438925649817e-07,2.5081121474322256e-07,196228.2112799582
2.6787894147142403e-07,2.680066244749853e-07,208943.8688320415
3.480501814654342e-07,3.4942271978192484e-07,221659.52638412485
4.166607344229175e-07,4.229167099052901e-07,234375.1839362082
4.4639102863075747e-07,4.520722529333654e-07,247090.8414882915
4.043405145371834e-07,4.060001330355601e-07,259806.49904037485
3.165598454013165e-07,3.184747149167998e-07,272522.1565924582
2.2731804540191687e-07,2.3229651164966345e-07,285237.8141445415
1.854087206543086e-07,1.9265274467987282e-07,297953.4716966249
1.7228617557870774e-07,1.7713661060148301e-07,310669.1292487082
1.6848223933813622e-07,1.7282193338169428e-07,323384.7868007915
1.5743542887244682e-07,1.6688027827379347e-07,336100.4443528749
1.4977163009962088e-07,1.5819508777884965e-07,348816.1019049582
1.4440565081606516e-07,1.5155255001686026e-07,361531.7594570415
1.4296435587147549e-07,1.5004716930675054e-07,374247.4170091249
1.40534176245019e-07,1.503604024160669e-07,386963.0745612082
1.4119869506300104e-07,1.485042759869566e-07,399678.7321132915
1.4479804967823555e-07,1.5079541326922657e-07,412394.3896653749
1.426232989558778e-07,1.4976881874252885e-07,425110.0472174582
1.3977885594954268e-07,1.472111867200227e-07,437825.7047695415
1.406347125724373e-07,1.4628051527720514e-07,450541.3623216249
1.400870879419573e-07,1.443930435139437e-07,463257.0198737082
1.3727498530427116e-07,1.416126707135139e-07,475972.6774257915
1.3401659537425313e-07,1.394384947587422e-07,488688.3349778749
1.2938709195124408e-07,1.3506392270483576e-07,501403.9925299582
1.252044236429197e-07,1.326669389593851e-07,514119.6500820415
1.2437051743580278e-07,1.3377803093415195e-07,526835.3076341249
1.2522678004476724e-07,1.3533548625158954e-07,539550.9651862083
1.2381897471055092e-07,1.337359721699847e-07,552266.6227382915
1.201473592551322e-07,1.2827835092446839e-07,564982.2802903749
1.1583832750569813e-07,1.2180082881138642e-07,577697.9378424583
1.1248614263335416e-07,1.161846665974894e-07,590413.5953945415
1.0891103849637145e-07,1.1442673219071346e-07,603129.2529466249
1.0865187738650193e-07,1.1537885688431645e-07,615844.9104987083
1.0852026209806354e-07,1.1598023311185521e-07,628560.5680507915
1.071772594259499e-07,1.1619902159654593e-07,641276.2256028749
1.0695008680364233e-07,1.1613089902404441e-07,653991.8831549583
1.129070015870141e-07,1.2151369001967753e-07,666707.5407070415
1.2944611763728695e-07,1.3441868457927583e-07,679423.1982591249
1.5054201701263054e-07,1.5239072270535393e-07,692138.8558112083
1.6115011411878e-07,1.6181944805796007e-07,704854.5133632915
1.53048647899136e-07,1.5432352210071146e-07,717570.1709153749
1.3184894950652772e-07,1.3513162821070283e-07,730285.8284674583
1.1160692140084264e-07,1.177896006560578e-07,743001.4860195415
9.86323762365967e-08,1.0761923571922037e-07,755717.1435716249
9.053446818270968e-08,1.0130555239452098e-07,768432.8011237083
8.715332331399958e-08,9.795587417449166e-08,781148.4586757915
8.90301173813329e-08,9.916310855071867e-08,793864.1162278749
9.151218493545573e-08,1.0037025854689607e-07,806579.7737799583
8.82588420509517e-08,9.533229437416877e-08,819295.4313320415
8.930700873097998e-08,9.695370230766039e-08,832011.0888841249
8.43654131763925e-08,9.182066494500121e-08,844726.7464362083
8.162244805752285e-08,8.9300437902122e-08,857442.4039882915
7.852925373528472e-08,8.674854276721311e-08,870158.0615403749
7.890865329933542e-08,8.623565784469155e-08,882873.7190924583
8.005255800187388e-08,8.639177767651491e-08,895589.3766445415
8.052744457275411e-08,8.64523277573001e-08,908305.0341966249
8.176677360456461e-08,8.689511429421592e-08,921020.6917487083
8.262379364814804e-08,8.714676153482383e-08,933736.3493007915
8.23659799228113e-08,8.701618605921131e-08,946452.0068528749
7.965577224130882e-08,8.503834941395223e-08,959167.6644049583
7.618140353111138e-08,8.032169720128049e-08,971883.3219570415
7.321684682510837e-08,7.67518924960901e-08,984598.9795091249
7.06028157111384e-08,7.442434836126768e-08,997314.6370612083
6.907170567954149e-08,7.273387541358817e-08,1010030.2946132915
6.613958230170759e-08,7.031112071361115e-08,1022745.9521653749
6.327135906818044e-08,6.878013869515338e-08,1035461.6097174583
6.161332302220897e-08,6.578456091156781e-08,1048177.2672695415
6.151558726323118e-08,6.625980180889445e-08,1060892.924821625
6.176809304792455e-08,6.816777691526105e-08,1073608.5823737083
6.135198407665771e-08,6.940701883088419e-08,1086324.2399257915
6.03628430063558e-08,6.841758946237268e-08,1099039.897477875
5.924643248072832e-08,6.736456267018867e-08,1111755.5550299583
5.730240327170543e-08,6.602510243639836e-08,1124471.2125820415
5.574051798656232e-08,6.350790027595194e-08,1137186.870134125
5.522921596098229e-08,6.239150621528834e-08,1149902.5276862083
5.5131759564000765e-08,6.277126435346969e-08,1162618.1852382915
5.541627452404087e-08,6.32783192152747e-08,1175333.842790375
5.570077207226561e-08,6.384899930112276e-08,1188049.5003424583
5.5889768594065246e-08,6.282824783865876e-08,1200765.1578945415
5.486933758672605e-08,6.10437294033298e-08,1213480.815446625
5.384898136911512e-08,6.113705272462774e-08,1226196.4729987083
5.254227911937726e-08,5.973462017387711e-08,1238912.1305507915
5.158572887244548e-08,5.807770215435719e-08,1251627.788102875
5.085200441205953e-08,5.7120993691894145e-08,1264343.4456549583
5.002287050399632e-08,5.657803037920194e-08,1277059.1032070415
4.8843776663898646e-08,5.673514904998781e-08,1289774.760759125
4.868297378075386e-08,5.692407849265924e-08,1302490.4183112083
4.9158541086034876e-08,5.673118366110045e-08,1315206.0758632915
4.848867586351783e-08,5.526563646648981e-08,1327921.733415375
4.7627966092309165e-08,5.4086534640564845e-08,1340637.3909674583
4.727635063198043e-08,5.306659007681249e-08,1353353.0485195415
4.74019629332888e-08,5.30011209710464e-08,1366068.706071625
4.765481806719359e-08,5.2808409874193165e-08,1378784.3636237083
4.8034902839354383e-08,5.328374983835668e-08,1391500.0211757915
4.7397040696023546e-08,5.36318192036884e-08,1404215.678727875
4.586857307600323e-08,5.3693586235987136e-08,1416931.3362799583
4.3640439360444154e-08,5.2005917167876225e-08,1429646.9938320415
4.325725601889159e-08,5.120895749295255e-08,1442362.651384125
4.2047152649977185e-08,5.069830659914042e-08,1455078.3089362083
4.134600842418995e-08,5.00604748151346e-08,1467793.9664882915
4.0644914337126614e-08,4.8977439811561014e-08,1480509.624040375
4.023009227914413e-08,4.827611073497296e-08,1493225.2815924583
4.041952639599967e-08,4.8242660537160894e-08,1505940.9391445415
4.099055288808387e-08,4.8336416128694716e-08,1518656.596696625
4.1084554647568656e-08,4.699920415565517e-08,1531372.2542487083
4.117855206365874e-08,4.6806817480853796e-08,1544087.9118007915
4.139973327174634e-08,4.696421355020687e-08,1556803.569352875
4.139832987690627e-08,4.670825390873679e-08,1569519.2269049583
4.107897988609518e-08,4.588000617309238e-08,1582234.8844570415
4.114117916909804e-08,4.6101012206485444e-08,1594950.542009125
4.094903447916451e-08,4.476416191511152e-08,1607666.1995612083
3.9834946729954394e-08,4.504877854456933e-08,1620381.8571132915
3.862556422733971e-08,4.3680267694127374e-08,1633097.514665375
3.9132899044230255e-08,4.4251011754320483e-08,1645813.1722174583
4.084816300073042e-08,4.5711796416381585e-08,1658528.8297695415
3.7223032656139487e-08,4.291297530810274e-08,1671244.487321625
3.690392471636181e-08,4.310225832505307e-08,1683960.1448737083
3.648948415204485e-08,4.3291530849377254e-08,1696675.8024257915
3.6742541377789337e-08,4.37668507588373e-08,1709391.459977875
3.648705322456073e-08,4.34793456543546e-08,1722107.1175299583
3.654940480268706e-08,4.2715130482444705e-08,1734822.7750820415
3.699312650670772e-08,4.2109873386071933e-08,1747538.432634125
3.7277920719445816e-08,4.25216180073474e-08,1760254.0901862083
3.695889822809195e-08,4.277444283320015e-08,1772969.7477382915
3.609967467171602e-08,4.2359917550525934e-08,1785685.405290375
3.546294747886012e-08,4.191364491453092e-08,1798401.0628424583
3.466738508216202e-08,4.111787011578153e-08,1811116.7203945415
3.374477779539578e-08,4.0322149738566136e-08,1823832.377946625
3.298110131610425e-08,3.911342554925273e-08,1836548.0354987083
3.345661029766673e-08,3.923923429973258e-08,1849263.6930507915
3.358260199437191e-08,3.84754314240155e-08,1861979.350602875
3.4502851674855075e-08,3.8982503687888754e-08,1874695.0081549583
3.4374648004834807e-08,3.9298927524935904e-08,1887410.6657070415
3.453237100872602e-08,3.939295312862949e-08,1900126.323259125
3.386413106024381e-08,3.885162503440729e-08,1912841.9808112083
3.306887044769106e-08,3.8151501832542714e-08,1925557.6383632915
3.2400724754600065e-08,3.7546722215624786e-08,1938273.295915375
3.201850346137976e-08,3.7799622141906665e-08,1950988.9534674583
3.1953942112194885e-08,3.763958389955362e-08,1963704.6110195415
3.23658215904322e-08,3.7670131900149746e-08,1976420.268571625
3.24600629943952e-08,3.760539587608994e-08,1989135.9261237083
3.188733381274923e-08,3.703250122078248e-08,2001851.5836757915
3.1409920855284136e-08,3.6618441603784245e-08,2014567.241227875
3.0456166284106806e-08,3.607737737095446e-08,2027282.8987799583
3.099506453761317e-08,3.601270818202186e-08,2039998.5563320415
3.134339253521964e-08,3.582102004025102e-08,2052714.213884125
3.169169985979127e-08,3.5184772990629993e-08,2065429.8714362083
3.1658936180496625e-08,3.5056635449617126e-08,2078145.5289882915
3.045130818310374e-08,3.5182533333554684e-08,2090861.186540375
2.97200411701228e-08,3.559419460652527e-08,2103576.8440924585
2.8830066174502203e-08,3.5624817453514835e-08,2116292.5016445415
2.8924404250599367e-08,3.552843946917749e-08,2129008.159196625
2.8764744481552972e-08,3.498758103606112e-08,2141723.8167487085
2.901782237480637e-08,3.5018225469815564e-08,2154439.4743007915
2.9175644274946883e-08,3.5048869727466114e-08,2167155.131852875
2.949218853666935e-08,3.4793798316673414e-08,2179870.7894049585
2.9523007859176625e-08,3.4824451205931996e-08,2192586.4469570415
2.9268129155653904e-08,3.504556896729057e-08,2205302.104509125
2.8283174709065635e-08,3.472704055187184e-08,2218017.7620612085
2.8345775534461358e-08,3.4725955693953776e-08,2230733.4196132915
2.9265386269764726e-08,3.4280495847446745e-08,2243449.077165375
3.0597563908243753e-08,3.4596830560151134e-08,2256164.7347174585
3.002530669962745e-08,3.4310102053168364e-08,2268880.3922695415
2.907222766824642e-08,3.4372513716933266e-08,2281596.049821625
2.7897048408362383e-08,3.3704966336383225e-08,2294311.7073737085
2.7578822727520888e-08,3.3799132571702816e-08,2307027.3649257915
2.7451029868930487e-08,3.370288291422449e-08,2319743.022477875
2.8116604179744424e-08,3.354317225506756e-08,2332458.6800299585
2.8084005427806752e-08,3.2844006347773995e-08,2345174.3375820415
2.7765818811036506e-08,3.21448850920914e-08,2357889.995134125
2.7288996171306973e-08,3.154100255148736e-08,2370605.6526862085
2.6717012874189215e-08,3.138138448049066e-08,2383321.3102382915
2.6652737106379463e-08,3.077756546808105e-08,2396036.967790375
2.7889334301268066e-08,3.0617983618570745e-08,2408752.6253424585
2.833266962969761e-08,3.07439606620123e-08,2421468.2828945415
2.92518776100644e-08,3.2614891738770284e-08,2434183.940446625
2.769643556216489e-08,3.2455273287622775e-08,2446899.5979987085
2.8330088285452993e-08,3.324740484115872e-08,2459615.2555507915
2.7948546834132684e-08,3.2294688623322446e-08,2472330.913102875
2.8233206649505074e-08,3.134203165136069e-08,2485046.5706549585
2.7819972256809575e-08,3.077009474242336e-08,2497762.2282070415
2.686751070912279e-08,3.051540177352553e-08,2510477.885759125
2.626402604791191e-08,3.019728598745427e-08,2523193.5433112085
2.591433005008672e-08,2.9688877511482462e-08,2535909.2008632915
2.556465632614666e-08,2.9751423863431223e-08,2548624.858415375
2.6103080463025844e-08,3.086062854255668e-08,2561340.5159674585
2.6165733127975262e-08,3.1652608074811286e-08,2574056.1735195415
2.6260098463859008e-08,3.2063960805509006e-08,2586771.831071625
2.5466463269621648e-08,3.1714151020699434e-08,2599487.4886237085
2.5021721843973796e-08,3.142779004737393e-08,2612203.1461757915
2.486241849148339e-08,3.088774950345003e-08,2624918.803727875
2.5051950454691004e-08,2.9776938578423863e-08,2637634.4612799585
2.5019499717148228e-08,2.828567014917138e-08,2650350.1188320415
2.4860214324988603e-08,2.7270133060574232e-08,2663065.776384125
2.454239695612452e-08,2.7079078812054704e-08,2675781.4339362085
2.485875134369213e-08,2.7395358623660714e-08,2688497.0914882915
2.4984848433393748e-08,2.783844787375598e-08,2701212.749040375
2.5427996699541472e-08,2.83132182701877e-08,2713928.4065924585
2.5966234714115033e-08,2.9073305534607432e-08,2726644.0641445415
2.634592318627705e-08,2.9389495539926384e-08,2739359.721696625
2.6250046512084067e-08,2.9769074486530114e-08,2752075.3792487085
2.602736861129119e-08,3.081437550569432e-08,2764791.0368007915
2.5741302740413925e-08,3.122559507303906e-08,2777506.694352875
2.6216059389883542e-08,3.160509215443034e-08,2790222.3519049585
2.6247000000702832e-08,3.100189130517798e-08,2802938.0094570415
2.6594923738588152e-08,3.0367028535837243e-08,2815653.667009125
2.5801720690092104e-08,2.9478624375658058e-08,2828369.3245612085
2.5230440376610594e-08,2.9002327819847606e-08,2841084.9821132915
2.469088981397385e-08,2.8526060118840135e-08,2853800.639665375
2.4658486884025057e-08,2.9032357308183742e-08,2866516.2972174585
2.4531005634340368e-08,2.9253382687979536e-08,2879231.9547695415
2.45303045116578e-08,2.9062389195336174e-08,2891947.612321625
2.4149300714726824e-08,2.8079108180115443e-08,2904663.2698737085
2.4275377343127007e-08,2.7571251029400126e-08,2917378.9274257915
2.433806763385975e-08,2.700004378131316e-08,2930094.584977875
2.465426993183702e-08,2.674576326795687e-08,2942810.2425299585
2.5319027890139594e-08,2.731539679762244e-08,2955525.9000820415
2.6142186994701237e-08,2.744137446958942e-08,2968241.557634125
2.6585061648114472e-08,2.744059998482376e-08,2980957.2151862085
2.6901169814098392e-08,2.820028402184637e-08,2993672.8727382915
2.6710304397833776e-08,2.9054981177714796e-08,3006388.530290375
2.6614502846486092e-08,2.9592792450735727e-08,3019104.1878424585
2.6043462344755306e-08,2.870483805881789e-08,3031819.8453945415
2.55675015983091e-08,2.7848616982544855e-08,3044535.502946625
2.505988746349683e-08,2.746766426150664e-08,3057251.1604987085
2.464734407803494e-08,2.7847063553461073e-08,3069966.8180507915
2.379131176786377e-08,2.6927583225944345e-08,3082682.475602875
2.3854008505372264e-08,2.699019289054073e-08,3095398.1331549585
2.394838071806096e-08,2.7306222458953104e-08,3108113.7907070415
2.4739640183719232e-08,2.781229715916195e-08,3120829.448259125
2.51507451448282e-08,2.7621473257292433e-08,3133545.1058112085
2.546680330716466e-08,2.736731101665456e-08,3146260.7633632915
2.546610277617624e-08,2.6954792863838285e-08,3158976.420915375
2.524368985352782e-08,2.676401245449311e-08,3171692.0784674585
2.4862927806552084e-08,2.650989882048929e-08,3184407.7360195415
2.4830576046241374e-08,2.6730875233453728e-08,3197123.393571625
2.517827676544759e-08,2.771193983618446e-08,3209839.0511237085
2.8059553807531874e-08,3.03081185031693e-08,3222554.7086757915
2.6063639539857976e-08,2.869217183853138e-08,3235270.366227875
3.55000567180602e-08,3.6988462307488235e-08,3247986.0237799585
3.781081096085781e-08,4.0597537396833935e-08,3260701.6813320415
3.822145263126071e-08,3.999477603420238e-08,3273417.338884125
2.8309077202665686e-08,3.07473310556917e-08,3286132.9964362085
2.5711802345073598e-08,2.821332006091204e-08,3298848.6539882915
2.482452081650675e-08,2.7990913777795876e-08,3311564.311540375
2.4317245174260896e-08,2.7800183936199304e-08,3324279.9690924585
2.3999971352908423e-08,2.7324505643218956e-08,3336995.6266445415
2.4062652341349503e-08,2.694383834537951e-08,3349711.284196625
2.4631899827462786e-08,2.7164742997381837e-08,3362426.9417487085
2.520111819836974e-08,2.7512276023094602e-08,3375142.5993007915
2.5643672124663824e-08,2.7384909120782975e-08,3387858.256852875
2.5832939718747495e-08,2.6940970221389855e-08,3400573.9144049585
2.557899811744105e-08,2.6117170107535726e-08,3413289.5719570415
2.4976851514311747e-08,2.538838392202537e-08,3426005.229509125
2.4184804950562398e-08,2.465963750849229e-08,3438720.8870612085
2.33928013584116e-08,2.4437405478611307e-08,3451436.5446132915
2.2727455968348472e-08,2.446841708013004e-08,3464152.202165375
2.2948430888956075e-08,2.4974223408808747e-08,3476867.8597174585
2.392904769365159e-08,2.5416700129632575e-08,3489583.5172695415
2.5226127938253844e-08,2.5764200930663275e-08,3502299.174821625
2.5826830146003773e-08,2.544702382032725e-08,3515014.8323737085
2.5857807697358e-08,2.5193163925455286e-08,3527730.4899257915
2.5667242772599267e-08,2.522415843373812e-08,3540446.147477875
2.5634929336642983e-08,2.588811382391847e-08,3553161.8050299585
2.5570971625235565e-08,2.6425447162217444e-08,3565877.4625820415
2.5570311359685344e-08,2.6804521932739463e-08,3578593.120134125
2.560129802749556e-08,2.6677248748057793e-08,3591308.7776862085
2.5379126027005894e-08,2.6201890711173167e-08,3604024.4352382915
2.4872170873608825e-08,2.5663270456102744e-08,3616740.092790375
2.5156322290740453e-08,2.5219608636125963e-08,3629455.7503424585
2.5313890979008167e-08,2.5060752069218085e-08,3642171.4078945415
2.4965187993794087e-08,2.5629660678039554e-08,3654887.065446625
2.486963004962538e-08,2.6356745332491018e-08,3667602.7229987085
2.4394398862148572e-08,2.6893954646986107e-08,3680318.3805507915
2.3349688438230406e-08,2.686163344723254e-08,3693034.038102875
2.2906160653697765e-08,2.717733701868284e-08,3705749.6956549585
2.296885716227386e-08,2.717665055426067e-08,3718465.3532070415
2.3063188412878583e-08,2.7175965496107958e-08,3731181.010759125
2.2682976812840627e-08,2.6479290923776298e-08,3743896.6683112085
2.258750187787376e-08,2.6099004270652453e-08,3756612.3258632915
2.255530160020021e-08,2.62881565634872e-08,3769327.983415375
2.2744539084923416e-08,2.6508934288130494e-08,3782043.6409674585
2.2554174858809535e-08,2.6634803970711957e-08,3794759.2985195415
2.2838301203358204e-08,2.6697404730795467e-08,3807474.956071625
2.3407095456299712e-08,2.6412060413527376e-08,3820190.6136237085
2.3817710523266087e-08,2.62532532992176e-08,3832906.2711757915
2.3279417162101748e-08,2.568327002123182e-08,3845621.928727875
2.3089069070712668e-08,2.599892435085728e-08,3858337.5862799585
2.2772219208348814e-08,2.6947126063212762e-08,3871053.2438320415
2.24553860973832e-08,2.748412749102254e-08,3883768.901384125
2.2075316632407586e-08,2.7356946829559548e-08,3896484.5589362085
2.194827294713672e-08,2.7261399539527165e-08,3909200.2164882915
2.22639863148119e-08,2.6817983515568878e-08,3921915.874040375
2.2895927482932948e-08,2.659595996290968e-08,3934631.5315924585
2.3116734300292317e-08,2.62474548142854e-08,3947347.1891445415
2.3653758263171526e-08,2.6468176024431235e-08,3960062.846696625
2.3716428786810562e-08,2.6341046905884266e-08,3972778.5042487085
2.3968824315501685e-08,2.6245546414071765e-08,3985494.1618007915
2.4094727351126848e-08,2.615005186270591e-08,3998209.819352875
2.444196284245391e-08,2.64972378550794e-08,4010925.4769049585
2.4314900026153976e-08,2.693926504848269e-08,4023641.1344570415
2.425108073391447e-08,2.7159945698086742e-08,4036356.792009125
2.4218883065496458e-08,2.665341830837274e-08,4049072.4495612085
2.396537205940172e-08,2.57675174517314e-08,4061788.1071132915
2.3332484368649318e-08,2.472358099767448e-08,4074503.764665375
2.3173854196311608e-08,2.510237412260766e-08,4087219.4222174585
2.348944769044451e-08,2.5986979813654624e-08,4099935.0797695415
2.3552118755022103e-08,2.604959175052109e-08,4112650.737321625
2.3583175210423538e-08,2.6112202042640536e-08,4125366.3948737085
2.370906766278351e-08,2.5921913977976635e-08,4138082.0524257915
2.3487230571636425e-08,2.566841349147884e-08,4150797.709977875
2.3265405092031056e-08,2.6110359519045725e-08,4163513.3675299585
2.3043591189589766e-08,2.6204577635349676e-08,4176229.0250820415
2.28217888299385e-08,2.576143752963972e-08,4188944.682634125
2.2821256700176577e-08,2.531831941390781e-08,4201660.3401862085
2.2852333402407207e-08,2.5349338020374245e-08,4214375.9977382915
2.2504126780020483e-08,2.588606718095053e-08,4227091.655290375
2.2187543631954798e-08,2.6549197508321983e-08,4239807.3128424585
2.253469085312878e-08,2.6643400265340195e-08,4252522.9703945415
2.3197870466543632e-08,2.6705995291865626e-08,4265238.627946625
2.370300069518949e-08,2.6452548775831474e-08,4277954.2854987085
2.3892076149094353e-08,2.635713162479456e-08,4290669.9430507915
2.3765118625464056e-08,2.6324925285919626e-08,4303385.600602875
2.401739006225304e-08,2.619791626527338e-08,4316101.2581549585
2.347962348641689e-08,2.584970661088697e-08,4328816.9157070415
2.2783880652491077e-08,2.5311911792850698e-08,4341532.573259125
2.2340967972390138e-08,2.486894171749793e-08,4354248.2308112085
2.243525876298823e-08,2.518436793535439e-08,4366963.8883632915
2.2750734114334325e-08,2.562617412045158e-08,4379679.545915375
2.290820872618697e-08,2.5404413539109412e-08,4392395.2034674585
2.2970886947864637e-08,2.5435438779960153e-08,4405110.8610195415
2.3349524605278886e-08,2.6035193876522062e-08,4417826.518571625
2.3506978654349042e-08,2.6792900401731165e-08,4430542.1761237085
2.3790805629532395e-08,2.745579029490525e-08,4443257.8336757915
2.397983916548123e-08,2.745517817497126e-08,4455973.491227875
2.4453205089771278e-08,2.7612533912739146e-08,4468689.1487799585
2.4926551217147386e-08,2.770669888141731e-08,4481404.8063320415
2.4925999307046026e-08,2.7484942201685734e-08,4494120.463884125
2.4799083923975418e-08,2.697887601410829e-08,4506836.1214362085
2.438786095547588e-08,2.647283352420827e-08,4519551.7789882915
2.3186912354980976e-08,2.5966814653670788e-08,4532267.436540375
2.2554621584950896e-08,2.5776710382801023e-08,4544983.0940924585
2.264889319873302e-08,2.5491850504013316e-08,4557698.7516445415
2.3438091782421294e-08,2.4985890296354776e-08,4570414.409196625
2.403773490912694e-08,2.4416779349218296e-08,4583130.0667487085
2.387928075375921e-08,2.4037212504776136e-08,4595845.7243007915
2.3626077690296185e-08,2.387876301318705e-08,4608561.381852875
2.3562396682474937e-08,2.454153112906572e-08,4621277.0394049585
2.3498719619220902e-08,2.5046350346830882e-08,4633992.6969570415
2.343504649068097e-08,2.517214562408724e-08,4646708.354509125
2.3276628460163782e-08,2.5550600304304616e-08,4659424.0120612085
2.3149800670433957e-08,2.577112871360724e-08,4672139.6696132915
2.3022979481264983e-08,2.5612669903025924e-08,4684855.327165375
2.2990907624238438e-08,2.5201571818876747e-08,4697570.9847174585
2.2927258052398898e-08,2.497997399372938e-08,4710286.6422695415
2.302151022173007e-08,2.4947864300640265e-08,4723002.299821625
2.305260174846328e-08,2.510523067127165e-08,4735717.9573737085
2.3052114888332762e-08,2.5420482856312154e-08,4748433.6149257915
2.257796560229027e-08,2.56409903063772e-08,4761149.272477875
2.2388029609922248e-08,2.5766759043295564e-08,4773864.9300299585
2.241913646550272e-08,2.567149006542776e-08,4786580.5875820415
2.2829150211406202e-08,2.5702528730407535e-08,4799296.245134125
2.2923398690650244e-08,2.6175616411224592e-08,4812011.9026862085
2.2701901681650888e-08,2.6711834245725523e-08,4824727.5602382915
2.289087204739643e-08,2.6869147741150842e-08,4837443.217790375
2.3332419437480647e-08,2.6458142745072776e-08,4850158.8753424585
2.3963383605379576e-08,2.6394451507374608e-08,4862874.5328945415
2.3678744816025643e-08,2.4973182865968375e-08,4875590.190446625
2.3646687029571538e-08,2.402553915821621e-08,4888305.8479987085
2.374091321098544e-08,2.4056616844110252e-08,4901021.5055507915
2.3645718430622585e-08,2.4182403628647396e-08,4913737.163102875
2.3171699857585592e-08,2.4718584452982997e-08,4926452.8206549585
2.355004941121675e-08,2.487592350675442e-08,4939168.4782070415
2.4149359306243216e-08,2.5601477643612087e-08,4951884.135759125
2.4085735957664972e-08,2.63901379562358e-08,4964599.7933112085
2.3643318247253107e-08,2.686310257464939e-08,4977315.4508632915
2.3579710109815536e-08,2.673629780858602e-08,4990031.108415375
2.3705497183061673e-08,2.6104455619696404e-08,5002746.7659674585
2.3862845018151625e-08,2.537794628914538e-08,5015462.4235195415
2.3957059805076993e-08,2.503023507961272e-08,5028178.081071625
2.3956581996147816e-08,2.51244259142736e-08,5040893.7386237085
2.3798291814527346e-08,2.5534241482695783e-08,5053609.3961757915
2.3135015609630298e-08,2.572310739679221e-08,5066325.053727875
2.2913627449650616e-08,2.5691036837487054e-08,5079040.7112799585
2.319722275971389e-08,2.5374921222870705e-08,5091756.3688320415
2.357548874184902e-08,2.512193981059146e-08,5104472.026384125
2.3890621831287078e-08,2.467961198423579e-08,5117187.6839362085
2.3479887048017616e-08,2.4426656687050586e-08,5129903.3414882915
2.306916952414188e-08,2.45839713533605e-08,5142618.999040375
2.2942489005100804e-08,2.499374318024737e-08,5155334.6565924585
2.30682717257298e-08,2.496170032154894e-08,5168050.3141445415
2.3320276860354497e-08,2.4740320782838876e-08,5180765.971696625
2.3477605656972905e-08,2.4708286598669067e-08,5193481.6292487085
2.3571818943309626e-08,2.5086473975811448e-08,5206197.2868007915
2.309804508199752e-08,2.540153864891804e-08,5218912.944352875
2.303449390447436e-08,2.552726790235583e-08,5231628.6019049585
2.3034053325035113e-08,2.5053477178188878e-08,5244344.2594570415
2.3254484201386196e-08,2.483212899116816e-08,5257059.917009125
2.356956474540575e-08,2.4705447383738558e-08,5269775.5745612085
2.3853082815762832e-08,2.473653032745775e-08,5282491.2321132915
2.3947284753171946e-08,2.4956919946981565e-08,5295206.889665375
2.3599777283764347e-08,2.4956448972536895e-08,5307922.5472174585
2.3283834020347937e-08,2.5334578209131964e-08,5320638.2047695415
2.296790381435353e-08,2.5744243835868795e-08,5333353.862321625
2.2368048066112633e-08,2.542827467036218e-08,5346069.5198737085
2.2115245406920145e-08,2.530160744129809e-08,5358785.1774257915
2.2083286156639704e-08,2.5111851115264577e-08,5371500.834977875
2.224061101102376e-08,2.5048290982628175e-08,5384216.4925299585
2.236638477870322e-08,2.507937362351066e-08,5396932.1500820415
2.2523700830216164e-08,2.555209758049733e-08,5409647.807634125
2.283873831720991e-08,2.580398887220678e-08,5422363.4651862085
2.3469211773510052e-08,2.5803515095068845e-08,5435079.1227382915
2.3626502372864675e-08,2.5771498582951185e-08,5447794.780290375
2.387841887749191e-08,2.5928745465387517e-08,5460510.4378424585
2.4319584877674495e-08,2.5896730459884254e-08,5473226.0953945415
2.416143163007465e-08,2.5549294543551525e-08,5485941.752946625
2.3814034736501264e-08,2.5201872522469548e-08,5498657.4104987085
2.352973401004186e-08,2.48544643430469e-08,5511373.0680507915
2.3276985359526095e-08,2.45701512128331e-08,5524088.725602875
2.327656749293431e-08,2.4695870388844937e-08,5536804.3831549585
2.3528466821041215e-08,2.456927031312481e-08,5549520.0407070415
2.362266365420517e-08,2.434805920032896e-08,5562235.698259125
2.3401474574346947e-08,2.3906088581340954e-08,5574951.3558112085
2.349567270202935e-08,2.3779513043396144e-08,5587667.0133632915
2.3274496107907736e-08,2.447291189666179e-08,5600382.670915375
2.3084865213356556e-08,2.526089759002541e-08,5613098.3284674585
2.298985061215896e-08,2.551274231171001e-08,5625813.9860195415
2.2894840516865903e-08,2.491311846876593e-08,5638529.643571625
2.2862904995572344e-08,2.428198185736649e-08,5651245.3011237085
2.2957109716337606e-08,2.428155835381862e-08,5663960.9586757915
2.3114380207658144e-08,2.4722611299869014e-08,5676676.616227875
2.2830178863937922e-08,2.494291641073881e-08,5689392.2737799585
2.207299575435759e-08,2.4690222393802845e-08,5702107.9313320415
2.279785836202943e-08,2.472132912286456e-08,5714823.588884125
2.3175847754133937e-08,2.399567366108289e-08,5727539.2464362085
2.345923167467954e-08,2.3963731280586624e-08,5740254.9039882915
2.3143524042583876e-08,2.383719915012726e-08,5752970.561540375
2.3111599703543584e-08,2.380526299614653e-08,5765686.2190924585
2.3205796081276577e-08,2.377332913761215e-08,5778401.8766445415
2.3299990443471836e-08,2.4214333776165586e-08,5791117.534196625
2.3047368773846944e-08,2.4781438927829957e-08,5803833.1917487085
2.2574060666285278e-08,2.5253942169964397e-08,5816548.8493007915
2.2416044498369193e-08,2.5316573462996432e-08,5829264.506852875
2.2699412223097526e-08,2.559989267382665e-08,5841980.1644049585
2.3424141736482532e-08,2.559946580083959e-08,5854695.8219570415
2.399121874960538e-08,2.547293659616445e-08,5867411.479509125
2.3833194206226243e-08,2.503115899436989e-08,5880127.1370612085
2.345450202525255e-08,2.474702162610652e-08,5892842.7946132915
2.2918201784316873e-08,2.4778138380293073e-08,5905558.452165375
2.2476491841022094e-08,2.4840779201578416e-08,5918274.1097174585
2.2476123939132413e-08,2.4682756022918205e-08,5930989.7672695415
2.3043167611387538e-08,2.4051897246906557e-08,5943705.424821625
2.348410482518053e-08,2.3547149401892427e-08,5956421.0823737085
2.398807246480439e-08,2.3452202252055805e-08,5969136.7399257915
2.4208333596335317e-08,2.3546386974560526e-08,5981852.397477875
2.4207943530266672e-08,2.3829694412606257e-08,5994568.0550299585
2.392387242535578e-08,2.3829311664781253e-08,6007283.7125820415
2.3891969638081907e-08,2.4049568382396434e-08,6019999.370134125
2.3670953610174092e-08,2.452197324729087e-08,6032715.0276862085
2.3418427084345995e-08,2.461613937129774e-08,6045430.6852382915
2.3323500993496363e-08,2.464726726610021e-08,6058146.342790375
2.3039472615531766e-08,2.4583842188939503e-08,6070862.0003424585
2.275545437307114e-08,2.4457385863577845e-08,6083577.6578945415
2.2471446222375712e-08,2.4047283965880323e-08,6096293.315446625
2.3195968488787447e-08,2.379477745792734e-08,6109008.9729987085
2.3857437749862992e-08,2.3762890440418358e-08,6121724.6305507915
2.4077673701200136e-08,2.3762520904064008e-08,6134440.288102875
2.4077300499569396e-08,2.4360933620637624e-08,6147155.9456549585
2.4266014359795252e-08,2.4612671707792326e-08,6159871.6032070415
2.461229272821949e-08,2.4643806547333725e-08,6172587.260759125
2.4580401676214322e-08,2.4580401676214322e-08,6185302.9183112085
2.448548714429295e-08,2.4201871463084922e-08,6198018.5758632915
2.426452726379037e-08,2.398091590616165e-08,6210734.233415375
2.3759968294016265e-08,2.4012063448329437e-08,6223449.8909674585
2.3255425838506467e-08,2.426379118651759e-08,6236165.5485195415
2.3381118651161724e-08,2.4420979723248433e-08,6248881.206071625
2.347529839789601e-08,2.4767227571471493e-08,6261596.8636237085
2.3317396547651237e-08,2.527101625840039e-08,6274312.5211757915
2.2907424411646648e-08,2.4861014939187354e-08,6287028.178727875
2.2591992834638075e-08,2.3883864112490466e-08,6299743.8362799585
2.227657178207248e-08,2.3190320836782668e-08,6312459.4938320415
2.221322618337113e-08,2.337902670647004e-08,6325175.151384125
2.205536061028015e-08,2.3851297117117252e-08,6337890.8089362085
2.189750080278349e-08,2.4481090825557947e-08,6350606.4664882915
2.180266020538828e-08,2.489032017667159e-08,6363322.124040375
2.218041761274013e-08,2.501598236436884e-08,6376037.7815924585
2.2810211689980838e-08,2.4826583994067544e-08,6388753.4391445415
2.3471494019910185e-08,2.4826224547233863e-08,6401469.096696625
2.3880719176733302e-08,2.482586637370164e-08,6414184.7542487085
2.4226924854130625e-08,2.4510464936948795e-08,6426900.4118007915
2.4258081804137303e-08,2.454161782522462e-08,6439616.069352875
2.4037210675958784e-08,2.4730288834374374e-08,6452331.7269049585
2.3910856378532885e-08,2.4666930888526017e-08,6465047.3844570415
2.8352392313709035e-08,2.806886839057195e-08,6477763.042009125
2.8257485316708387e-08,3.0683155739658826e-08,6490478.6995612085
4.057427983619533e-08,4.303141790080965e-08,6503194.3571132915
3.3076394870960607e-08,3.222585900285019e-08,6515910.014665375
2.2995648570783303e-08,2.5421216981674144e-08,6528625.6722174585
2.3058329453340288e-08,2.4727853307202357e-08,6541341.3297695415
2.2711509594842844e-08,2.5042510579611736e-08,6554056.987321625
2.2427699648149456e-08,2.4223175603127713e-08,6566772.6448737085
2.2710883272661044e-08,2.43488387930194e-08,6579488.3024257915
2.2805067996180444e-08,2.4443001056679593e-08,6592203.959977875
2.3088240996514045e-08,2.4411168857160143e-08,6604919.6175299585
2.3686385986531586e-08,2.4851806573634866e-08,6617635.2750820415
2.3938044238278186e-08,2.5260936156709354e-08,6630350.932634125
2.3654247876961375e-08,2.504011592834127e-08,6643066.5901862085
2.337046037192998e-08,2.440984742351177e-08,6655782.2477382915
2.3338650920246414e-08,2.3842589401655243e-08,6668497.905290375
2.3621800852373772e-08,2.371628805578327e-08,6681213.5628424585
2.3495505337585572e-08,2.3621486599449303e-08,6693929.2203945415
2.3337719474528494e-08,2.377864804759651e-08,6706644.877946625
2.2959477597303577e-08,2.3715345172523447e-08,6719360.5354987085
2.2549752787874297e-08,2.3526068900198466e-08,6732076.1930507915
2.2171533536911717e-08,2.346277341619209e-08,6744791.850602875
2.1698845569986643e-08,2.349396051554432e-08,6757507.5081549585
2.1383635195541302e-08,2.3462162327950326e-08,6770223.1657070415
2.1666790212199373e-08,2.3367381304435952e-08,6782938.823259125
2.217038316576613e-08,2.3524540092084233e-08,6795654.4808112085
2.2799930754536982e-08,2.3807662500593867e-08,6808370.1383632915
2.3146042436951857e-08,2.405928764874996e-08,6821085.795915375
2.3177238330601965e-08,2.4594324913315395e-08,6833801.4534674585
2.301949213105162e-08,2.544425395607347e-08,6846517.1110195415
2.2767281053386265e-08,2.5790322521055806e-08,6859232.768571625
2.2704015210951885e-08,2.5349143196693852e-08,6871948.4261237085
2.2861176682716677e-08,2.48764870238928e-08,6884664.0836757915
2.3175779540302674e-08,2.4813198746954488e-08,6897379.741227875
2.3490375737671737e-08,2.481289018939052e-08,6910095.3987799585
2.345859678011073e-08,2.4718118754881776e-08,6922811.0563320415
2.355277044670243e-08,2.4402937294377516e-08,6935526.713884125
2.3583968446023798e-08,2.405627756043015e-08,6948242.3714362085
2.370962754913238e-08,2.3457732435728582e-08,6960958.0289882915
2.37723117809218e-08,2.3079608656179708e-08,6973673.686540375
2.3740537328277752e-08,2.2701495243618377e-08,6986389.3440924585
2.3614307623348676e-08,2.2827164035903717e-08,6999105.0016445415
2.3299169974761463e-08,2.3204713880269186e-08,7011820.659196625
2.348780088117762e-08,2.342483090562486e-08,7024536.3167487085
2.3739397700283863e-08,2.3204159290595764e-08,7037251.9743007915
2.3329820732462983e-08,2.304646258591485e-08,7049967.631852875
2.2762835326643344e-08,2.3172125588394882e-08,7062683.2894049585
2.2290314944434686e-08,2.348668778043542e-08,7075398.9469570415
2.2258570571412426e-08,2.395865941279329e-08,7088114.604509125
2.2384241871220275e-08,2.4588035023098502e-08,7100830.2620612085
2.2258052236381845e-08,2.4965538081259975e-08,7113545.9196132915
2.2446686954945105e-08,2.521710554124969e-08,7126261.577165375
2.3139025132308834e-08,2.537422347842302e-08,7138977.2347174585
2.364246074261412e-08,2.5310969956140814e-08,7151692.8922695415
2.3894038466762387e-08,2.5090314437430332e-08,7164408.549821625
2.4114131089281738e-08,2.461782051151217e-08,7177124.2073737085
2.43657001826885e-08,2.3987937389158444e-08,7189839.8649257915
2.4208026420986918e-08,2.31691904367313e-08,7202555.522477875
2.420775506271401e-08,2.3074492146904253e-08,7215271.1800299585
2.4270443292213976e-08,2.417600576967618e-08,7227986.8375820415
2.3955385468119636e-08,2.4773834905926616e-08,7240702.495134125
2.3703292800297637e-08,2.44587762361637e-08,7253418.1526862085
2.3167903731045127e-08,2.3860422592570938e-08,7266133.8102382915
2.2349227531610087e-08,2.3262083304027968e-08,7278849.467790375
2.1813867343190665e-08,2.3072965025337313e-08,7291565.1253424585
2.190806192220047e-08,2.338748564395826e-08,7304280.7828945415
2.241145346427388e-08,2.3922337967483354e-08,7316996.440446625
2.219087759136313e-08,2.395355722982602e-08,7329712.0979987085
2.2442448860618638e-08,2.451987049428039e-08,7342427.7555507915
2.2127452399587815e-08,2.4141900413206048e-08,7355143.413102875
2.222164417479187e-08,2.3669513341987944e-08,7367859.0706549585
2.2284360006277737e-08,2.338598797268977e-08,7380574.7282070415
2.209527761835006e-08,2.3228368778265445e-08,7393290.385759125
2.1780302612437095e-08,2.3007805216317217e-08,7406006.0433112085
2.1370912983243225e-08,2.3196410704934107e-08,7418721.7008632915
2.168542971414504e-08,2.3762698743366483e-08,7431437.358415375
2.2503516250215788e-08,2.4360449758974855e-08,7444153.0159674585
2.3006855868234585e-08,2.4769350982627385e-08,7456868.6735195415
2.3006621474856633e-08,2.4989408277751256e-08,7469584.331071625
2.2817553334711037e-08,2.520946237393592e-08,7482299.9886237085
2.2597018011093838e-08,2.5272152455304113e-08,7495015.6461757915
2.269120681770254e-08,2.5366314417570386e-08,7507731.303727875
2.2596565655948354e-08,2.546047578783039e-08,7520446.9612799585
2.2438985076260327e-08,2.5397280443958038e-08,7533162.6188320415
2.2564647009661798e-08,2.5334087646830885e-08,7545878.276384125
2.2910601864945697e-08,2.4924720710215646e-08,7558593.9339362085
2.3539783796746856e-08,2.460977396932626e-08,7571309.5914882915
2.3476614807783338e-08,2.4515124578100835e-08,7584025.249040375
2.309875135645348e-08,2.4640766092783486e-08,7596740.9065924585
2.272089637669022e-08,2.4640528896050476e-08,7609456.5641445415
2.2878024242575958e-08,2.4325602117622027e-08,7622172.221696625
2.319249419642104e-08,2.3821869886961635e-08,7634887.8792487085
2.3349616926554926e-08,2.3884581195761706e-08,7647603.5368007915
2.3349396928638735e-08,2.4104633486977454e-08,7660319.194352875
2.3003031279749516e-08,2.4450554451936214e-08,7673034.8519049585
2.2436400064970367e-08,2.467059979093516e-08,7685750.5094570415
2.218445362795765e-08,2.470183843680391e-08,7698466.167009125
2.234158424030592e-08,2.4890412864904196e-08,7711181.8245612085
2.2781913687578516e-08,2.485871797401523e-08,7723897.4821132915
2.3222236246354275e-08,2.451236048226285e-08,7736613.139665375
2.3473755026884105e-08,2.4228942856167238e-08,7749328.7972174585
2.3347679946181524e-08,2.3976997464946522e-08,7762044.4547695415
2.2969883570776648e-08,2.38823857948212e-08,7774760.112321625
2.2686491059730642e-08,2.39136382876495e-08,7787475.7698737085
2.2938010332484357e-08,2.3504380957977798e-08,7800191.4274257915
2.3032202542916308e-08,2.3095132058060888e-08,7812907.084977875
2.2843213935121723e-08,2.293760738113462e-08,7825622.7425299585
2.2685694000892727e-08,2.2843015041120832e-08,7838338.4000820415
2.215061073013145e-08,2.293720912253669e-08,7851054.057634125
2.161553782478682e-08,2.359774871701618e-08,7863769.7151862085
2.1458035952659627e-08,2.4352668368560926e-08,7876485.3727382915
2.1489316631047238e-08,2.4918797616089918e-08,7889201.030290375
2.158352359979238e-08,2.517028991229432e-08,7901916.6878424585
2.186650567021733e-08,2.5233003665488193e-08,7914632.3453945415
2.2401182799053297e-08,2.4886707295015672e-08,7927348.002946625
2.3156086689349413e-08,2.4634804181739934e-08,7940063.6604987085
2.3533437492360645e-08,2.44143683075827e-08,7952779.3180507915
2.384786017675712e-08,2.4602937543831222e-08,7965494.975602875
2.381620463166035e-08,2.491735015624174e-08,7978210.6331549585
2.3564323492971467e-08,2.5168836841625065e-08,7990926.2907070415
2.3438290792820937e-08,2.5388859959471808e-08,8003641.948259125
2.3154958601175928e-08,2.5262814886880804e-08,8016357.6058112085
2.2651410062556974e-08,2.4948011360566222e-08,8029073.2633632915
2.2934371739244217e-08,2.460175404676129e-08,8041788.920915375
2.337462911985526e-08,2.4318423027790194e-08,8054504.5784674585
2.3563204397690998e-08,2.412947633248197e-08,8067220.2360195415
2.3720318641437288e-08,2.3688859332894267e-08,8079935.893571625
2.3877431672123563e-08,2.3405545670698196e-08,8092651.5511237085
2.403454351384749e-08,2.368849642137063e-08,8105367.2086757915
2.3531023842195262e-08,2.3562482430219586e-08,8118082.866227875
2.3216263088340254e-08,2.368813835436343e-08,8130798.5237799585
2.2964424475911777e-08,2.3750877368922456e-08,8143514.1813320415
2.305862749202448e-08,2.4191111243338094e-08,8156229.838884125
2.3341576188473124e-08,2.4442593933212424e-08,8168945.4964362085
2.3435777398370108e-08,2.4285127720190233e-08,8181661.1539882915
2.2775005858163472e-08,2.3907464712989278e-08,8194376.811540375
2.198841721048425e-08,2.3435437513320122e-08,8207092.4690924585
2.186243249754111e-08,2.2994875044176333e-08,8219808.1266445415
2.1893733267943426e-08,2.296325472068779e-08,8232523.784196625
2.198794729263182e-08,2.315183005347213e-08,8245239.4417487085
2.1987792901363342e-08,2.3466228189437843e-08,8257955.0993007915
2.2050551335446364e-08,2.378062312353417e-08,8270670.756852875
2.2239132554972583e-08,2.3591724775430604e-08,8283386.4144049585
2.2647900227906103e-08,2.3717384405335007e-08,8296102.0719570415
2.3025208259541466e-08,2.3780133120510036e-08,8308817.729509125
2.2867777515779327e-08,2.3622697268707394e-08,8321533.3870612085
2.261598572575773e-08,2.3465264744666574e-08,8334249.0446132915
2.239565302734544e-08,2.368529035054932e-08,8346964.702165375
2.2332596201284885e-08,2.355931627431321e-08,8359680.3597174585
2.2709899507715122e-08,2.305589520658613e-08,8372396.0172695415
2.248957399718597e-08,2.2678297695064455e-08,8385111.674821625
2.2049076266800703e-08,2.2741058688868626e-08,8397827.332373708
2.186021368912814e-08,2.2835273580297885e-08,8410542.989925792
2.182862136255198e-08,2.3244021883178553e-08,8423258.647477875
2.204865572223294e-08,2.3684219342141806e-08,8435974.305029958
2.1828347146001643e-08,2.3904241831356264e-08,8448689.962582042
2.14507786555836e-08,2.4281526572009588e-08,8461405.620134125
2.1482099219854914e-08,2.443863996167975e-08,8474121.277686208
2.1702134711382925e-08,2.421832424313747e-08,8486836.935238292
2.1796359920867986e-08,2.3935108080491394e-08,8499552.592790375
2.1638969186316986e-08,2.36833485425824e-08,8512268.250342458
2.1450129633792623e-08,2.3588852236575468e-08,8524983.907894542
2.151290635296166e-08,2.3997584133493776e-08,8537699.565446625
2.1984552069155595e-08,2.402889525155204e-08,8550415.222998708
2.261344967232639e-08,2.4091658482617544e-08,8563130.880550792
2.2864928324340824e-08,2.390281365405643e-08,8575846.538102875
2.2676092785384626e-08,2.3808324880077894e-08,8588562.195654958
2.264451411470845e-08,2.3588035536154634e-08,8601277.853207042
2.2801640183588865e-08,2.3273398256352775e-08,8613993.510759125
2.3178918214487968e-08,2.3178918214487968e-08,8626709.168311208
2.3807794797122905e-08,2.3493292884347172e-08,8639424.825863292
2.374476527725589e-08,2.368186523678634e-08,8652140.483415375
2.327288959124026e-08,2.3209989889642318e-08,8664856.140967458
2.2580872372558963e-08,2.2675221421469377e-08,8677571.798519542
2.1888863656776924e-08,2.2486404474993535e-08,8690287.456071625
2.1448458154884198e-08,2.302092576154726e-08,8703003.113623708
2.1605592928989986e-08,2.409007886987821e-08,8715718.771175792
2.2014319406754258e-08,2.5096324123699854e-08,8728434.428727875
2.2548838305478217e-08,2.525344094741842e-08,8741150.086279958
2.330349391878484e-08,2.478158327665648e-08,8753865.743832042
2.393234895563272e-08,2.4183937380921896e-08,8766581.401384125
2.4026576214946867e-08,2.33347114548306e-08,8779297.058936208
2.3743424838944622e-08,2.2862873983990386e-08,8792012.716488292
2.3271588863804467e-08,2.2831315560975732e-08,8804728.374040375
2.2453831234371306e-08,2.2988446263761097e-08,8817444.031592458
2.213924722805336e-08,2.3302815619300484e-08,8830159.689144542
2.245362025603546e-08,2.3302706736305706e-08,8842875.346696625
2.2862334014644277e-08,2.317680903547845e-08,8855591.004248708
2.2862229524818398e-08,2.3145255750022477e-08,8868306.661800792
2.2641995689321312e-08,2.3050809500378504e-08,8881022.319352875
2.2327423761820104e-08,2.29249182005167e-08,8893737.976904958
2.188706802191835e-08,2.317639243125549e-08,8906453.634457042
2.182407886120955e-08,2.3522206034848332e-08,8919169.292009125
2.204411133574231e-08,2.367933785422819e-08,8931884.949561208
2.2389929166834122e-08,2.3836469534354305e-08,8944600.607113292
2.260995962044814e-08,2.3867815510320082e-08,8957316.264665375
2.3050113250171354e-08,2.3899162442196763e-08,8970031.922217458
2.3144356907232144e-08,2.3961956471889803e-08,8982747.579769542
2.279835684363469e-08,2.418198125897252e-08,8995463.237321625
2.2703927802617437e-08,2.474791022252067e-08,9008178.894873708
2.2861066744355686e-08,2.5219498664337363e-08,9020894.552425792
2.3269770706128724e-08,2.591120413763523e-08,9033610.209977875
2.3489799594391364e-08,2.654001453502853e-08,9046325.867529958
2.333248325381038e-08,2.6539913566328793e-08,9059041.525082042
2.3143724016154023e-08,2.635114229013189e-08,9071757.182634125
2.3080748010456674e-08,2.5753586676517735e-08,9084472.840186208
2.3080663738113647e-08,2.4684361082315006e-08,9097188.497738292
2.3206360375753604e-08,2.3961038761956975e-08,9109904.155290375
2.3709395153429438e-08,2.3772284795746225e-08,9122619.812842458
2.4149538174318315e-08,2.3740756929180117e-08,9135335.470394542
2.3897898110294583e-08,2.3677785890857657e-08,9148051.127946625
2.326892703634194e-08,2.4086483932213416e-08,9160766.785498708
2.2639961390054017e-08,2.440084727594711e-08,9173482.443050792
2.232544394755325e-08,2.4086324033557452e-08,9186198.100602875
2.263981340642884e-08,2.3929025003183815e-08,9198913.758154958
2.2828405658743132e-08,2.4023280886060264e-08,9211629.415707042
2.263967004825618e-08,2.421186935716286e-08,9224345.073259125
2.2042166212060713e-08,2.4557677334692463e-08,9237060.730811208
2.1413223369190996e-08,2.4714821686026614e-08,9249776.388363292
2.1287384602421436e-08,2.424309236110329e-08,9262492.045915375
2.1413096525809257e-08,2.367703624659966e-08,9275207.703467458
2.1821800459273944e-08,2.323675870231044e-08,9287923.361019542
2.1695964903651862e-08,2.304803228170553e-08,9300639.018571625
2.1412914463190114e-08,2.257631803901689e-08,9313354.676123708
2.1664401994802262e-08,2.197883453463974e-08,9326070.333675792
2.257619583468887e-08,2.1947332440964947e-08,9338785.991227875
2.295345350601549e-08,2.276479498404824e-08,9351501.648779958
2.3142052348855628e-08,2.3645140443395966e-08,9364217.306332042
2.3047665072362956e-08,2.443115383523331e-08,9376932.963884125
2.27017366565875e-08,2.5028507449644946e-08,9389648.621436208
2.2324368323510665e-08,2.5468645552174138e-08,9402364.278988292
2.2261429917985146e-08,2.559435586615806e-08,9415079.936540375
2.2229935569386754e-08,2.5657181647269578e-08,9427795.594092458
2.2229885053720243e-08,2.5468468024771426e-08,9440511.251644542
2.2387048089713596e-08,2.4902446751479167e-08,9453226.909196625
2.2575653993640012e-08,2.4336429235483803e-08,9465942.566748708
2.3235895467272065e-08,2.3801857738464077e-08,9478658.224300792
2.395901992942848e-08,2.339305882873332e-08,9491373.881852875
2.443060490123221e-08,2.3204358323178084e-08,9504089.539404958
2.449344118638852e-08,2.342440780983241e-08,9516805.196957042
2.4053204911581476e-08,2.3518689246879664e-08,9529520.854509125
2.3518645410607605e-08,2.3738739685840564e-08,9542236.512061208
2.3046973040610137e-08,2.377013863397171e-08,9554952.169613292
2.2480977752697638e-08,2.3612887122064232e-08,9567667.827165375
2.1852101831833922e-08,2.345563736193972e-08,9580383.484717458
2.172629828163146e-08,2.3078296582803896e-08,9593099.142269542
2.175770510389332e-08,2.2575191133808385e-08,9605814.799821625
2.1757671216323503e-08,2.2197855316075712e-08,9618530.457373708
2.2166380202472833e-08,2.2323588572703136e-08,9631246.114925792
2.2763738879720703e-08,2.2983830277729055e-08,9643961.772477875
2.3015239585651492e-08,2.4084253446187215e-08,9656677.430029958
2.270079302476246e-08,2.46816101446517e-08,9669393.087582042
2.2166257953540512e-08,2.471301950564942e-08,9682108.745134125
2.1946139992094832e-08,2.471298858708673e-08,9694824.402686208
2.2166203620907917e-08,2.461863465981688e-08,9707540.060238292
2.2637798964290364e-08,2.4398516661512946e-08,9720255.717790375
2.307795305110624e-08,2.3895428227303463e-08,9732971.375342458
2.285783965201575e-08,2.3392342092296722e-08,9745687.032894542
2.4398440037403482e-08,2.367529039711962e-08,9758402.690446625
2.4178328174888483e-08,2.4775712095984556e-08,9771118.347998708
2.4807131186183192e-08,2.477568995527548e-08,9783834.005550792
2.3329373676635035e-08,2.3172167654555282e-08,9796549.663102875
2.332935521109145e-08,2.3360796390621222e-08,9809265.320654958
2.3392220249385418e-08,2.392671990562138e-08,9821980.978207042
2.3423645257741615e-08,2.4366879294966108e-08,9834696.635759125
2.3455071420503938e-08,2.4838480458710605e-08,9847412.293311208
2.320352887811935e-08,2.4869906968282392e-08,9860127.950863292
2.2826223486489516e-08,2.4366836366431647e-08,9872843.608415375
2.207162687867405e-08,2.3706562203020273e-08,9885559.265967458
2.1725765745233606e-08,2.3046289857100188e-08,9898274.923519542
2.166287534797885e-08,2.232313715103771e-08,9910990.581071625
2.2071601518979733e-08,2.2637540019466395e-08,9923706.238623708
2.2417446528665133e-08,2.3392118116867965e-08,9936421.896175792
2.263752845950183e-08,2.3800845894226228e-08,9949137.553727875
2.270040642577545e-08,2.376940063419147e-08,9961853.211279958
2.2637521523526028e-08,2.3895161608166366e-08,9974568.868832042
2.2480314790994036e-08,2.4241010774624337e-08,9987284.526384125
2.2134463229056053e-08,2.4649743141448785e-08,10000000.183936208
